Controller.Micro850.Micro850.__SYSVA_ABORT_CYCLE	
Controller.Micro850.Micro850.__SYSVA_CCEXEC	
Controller.Micro850.Micro850.__SYSVA_CYCLECNT	
Controller.Micro850.Micro850.__SYSVA_CYCLEDATE	
Controller.Micro850.Micro850.__SYSVA_FIRST_SCAN	
Controller.Micro850.Micro850.__SYSVA_KVBCERR	
Controller.Micro850.Micro850.__SYSVA_KVBPERR	
Controller.Micro850.Micro850.__SYSVA_MAJ_ERR_HALT	
Controller.Micro850.Micro850.__SYSVA_POWERUP_BIT	
Controller.Micro850.Micro850.__SYSVA_PROJ_INCOMPLETE	
Controller.Micro850.Micro850.__SYSVA_REMOTE	
Controller.Micro850.Micro850.__SYSVA_RESMODE	
Controller.Micro850.Micro850.__SYSVA_RESNAME	
Controller.Micro850.Micro850.__SYSVA_SCANCNT	
Controller.Micro850.Micro850.__SYSVA_SUSPEND_ID	
Controller.Micro850.Micro850.__SYSVA_TCYCURRENT	
Controller.Micro850.Micro850.__SYSVA_TCYCYCTIME	
Controller.Micro850.Micro850.__SYSVA_TCYMAXIMUM	
Controller.Micro850.Micro850.__SYSVA_TCYOVERFLOW	
Controller.Micro850.Micro850.__SYSVA_TCYWDG	
Controller.Micro850.Micro850.__SYSVA_USER_DATA_LOST	
Controller.Micro850.Micro850._IO_EM_DI_00	
Controller.Micro850.Micro850._IO_EM_DI_01	
Controller.Micro850.Micro850._IO_EM_DI_02	
Controller.Micro850.Micro850._IO_EM_DI_03	
Controller.Micro850.Micro850._IO_EM_DI_04	
Controller.Micro850.Micro850._IO_EM_DI_05	
Controller.Micro850.Micro850._IO_EM_DI_06	
Controller.Micro850.Micro850._IO_EM_DI_07	
Controller.Micro850.Micro850._IO_EM_DI_08	
Controller.Micro850.Micro850._IO_EM_DI_09	
Controller.Micro850.Micro850._IO_EM_DI_10	
Controller.Micro850.Micro850._IO_EM_DI_11	
Controller.Micro850.Micro850._IO_EM_DI_12	
Controller.Micro850.Micro850._IO_EM_DI_13	
Controller.Micro850.Micro850._IO_EM_DO_00	
Controller.Micro850.Micro850._IO_EM_DO_01	
Controller.Micro850.Micro850._IO_EM_DO_02	
Controller.Micro850.Micro850._IO_EM_DO_03	
Controller.Micro850.Micro850._IO_EM_DO_04	
Controller.Micro850.Micro850._IO_EM_DO_05	
Controller.Micro850.Micro850._IO_EM_DO_06	
Controller.Micro850.Micro850._IO_EM_DO_07	
Controller.Micro850.Micro850._IO_EM_DO_08	
Controller.Micro850.Micro850._IO_EM_DO_09	
Controller.Micro850.Micro850.O1	
Controller.Micro850.Micro850.O2	
Controller.Micro850.Micro850.Prog1.TOF_1.ET	
Controller.Micro850.Micro850.Prog1.TOF_1.Fedge	
Controller.Micro850.Micro850.Prog1.TOF_1.IN	
Controller.Micro850.Micro850.Prog1.TOF_1.Pdate	
Controller.Micro850.Micro850.Prog1.TOF_1.PT	
Controller.Micro850.Micro850.Prog1.TOF_1.Q	
Controller.Micro850.Micro850.Prog1.TOF_2.ET	
Controller.Micro850.Micro850.Prog1.TOF_2.Fedge	
Controller.Micro850.Micro850.Prog1.TOF_2.IN	
Controller.Micro850.Micro850.Prog1.TOF_2.Pdate	
Controller.Micro850.Micro850.Prog1.TOF_2.PT	
Controller.Micro850.Micro850.Prog1.TOF_2.Q	
Controller.Micro850.Micro850.Prog1.TON_1.ET	
Controller.Micro850.Micro850.Prog1.TON_1.IN	
Controller.Micro850.Micro850.Prog1.TON_1.Pdate	
Controller.Micro850.Micro850.Prog1.TON_1.PT	
Controller.Micro850.Micro850.Prog1.TON_1.Q	
Controller.Micro850.Micro850.Prog1.TON_1.Redge	
Controller.Micro850.Micro850.Prog1.TON_2.ET	
Controller.Micro850.Micro850.Prog1.TON_2.IN	
Controller.Micro850.Micro850.Prog1.TON_2.Pdate	
Controller.Micro850.Micro850.Prog1.TON_2.PT	
Controller.Micro850.Micro850.Prog1.TON_2.Q	
Controller.Micro850.Micro850.Prog1.TON_2.Redge	
Controller.Micro850.Micro850.Prog1.TON_3.ET	
Controller.Micro850.Micro850.Prog1.TON_3.IN	
Controller.Micro850.Micro850.Prog1.TON_3.Pdate	
Controller.Micro850.Micro850.Prog1.TON_3.PT	
Controller.Micro850.Micro850.Prog1.TON_3.Q	
Controller.Micro850.Micro850.Prog1.TON_3.Redge	
Controller.Micro850.Micro850.Prog1.TON_4.ET	
Controller.Micro850.Micro850.Prog1.TON_4.IN	
Controller.Micro850.Micro850.Prog1.TON_4.Pdate	
Controller.Micro850.Micro850.Prog1.TON_4.PT	
Controller.Micro850.Micro850.Prog1.TON_4.Q	
Controller.Micro850.Micro850.Prog1.TON_4.Redge	
